age,income,credit_score,income_per_age,target
25,30000,650,1200.0,0
40,70000,720,1750.0,1
35,50000,690,1428.5714285714287,1
22,28000,610,1272.7272727272727,0
50,90000,780,1800.0,1
